All Item Groups,كل مجموعات الصنف
Publication Age Range,الفئة العمرية للمنشور
Publication Language,لغة المنشور
Publication Grade Range,فئة الصف للمنشور
ISBN Form,نموذج ISBN
Author Group,مجموعة المؤلف
Publication Award,جائزة النشر
Publication Series,سلسلة المنشورات
Illustrator,المصور
Publication Subject,موضوع المنشور
Binding,غلاف
Pages,صفحات
Website Contact Us Settings,إعدادات صفحة أتصل بنا للموقع
Website About Us Settings,إعدادات صفحة من نحن للموقع
Website Authors Settings,إعدادات صفحة المؤلف للموقع
Website Homepage Settings,إعدادات الصفحة الرئيسية للموقع
Website Header Design,تصميم رأس الموقع
Website Background Pattern,صور خلفية الموقع
Website Section Theme,تنسيق قسم الموقع
Website Social Media,موقع التواصل الاجتماعي
Website Theme Settings,تنسيق الموقع
Website Section,قسم الموقع
Publisher Website Settings,إعدادات موقع النشر
Title ,العنوان
Title,العنوان
General,بحث عام
Review,رايك
Your Email Address,بريدك الالكتروني
Rating,تقييم
Add a review,أضف رايك
Login to add a review,تسجيل الدخول لإضافة رايك
Only registered users can write reviews. Please,يمكن للمستخدمين المسجلين فقط كتابة  الاراء حول الكتاب. رجاء
No reviews yet. Start a new discussion.,لا توجد تعليقات حتى الآن. ابدأ مناقشة جديدة.
Information,معلومات
Reviews,آراء القراء حول الكتاب
reviews,آراء
Author By,للكاتب
Stay Connected,ابق على تواصل معنا
Author Best Selling,المؤلف الأفضل مبيعًا
Name - Z to A,الاسم - تنازليا
Name - A to Z,الاسم - تصاعديا
More details,للمزيد من التفاصيل
Rates from,أسعار من
EGP,ج.م
ISBN,ردمك
on,في
Search By,نتائج البحث عن
No publication found,لم يتم العثور على نتائج
Publication Category,تصنيف المنشورات
Title - Z to A,العنوان - تنازليا
Title - A to Z,العنوان - تصاعديا
Publication Date,تاريخ النشر
Relevance,أكثر ملائمة
Sort By,صنف حسب
results,نتائج
of,من
Publisher Cycle,دوره النشر
Author Name,أسم المؤلف
Argument,الاتفاقيات
Views,معاينه
VIEWS,معاينه
Publisher Website,البوابه الالكترونيه للناشر
Publisher,الناشر
Working Days/Hours,أيام / ساعات العمل
E-mail Address,البريد الالكتروني
Phone Number,رقم الهاتف
Address,العنوان
Branches Info,معلومات الفروع
"Lorem ipsum dolor sit amet, consectetur adipiscing elit. Sed imperdiet libero id nisi euismod, sed porta est consectetur. Vestibulum auctor felis eget orci semper vestibulum. Pellentesque ultricies nibh gravida, accumsan libero luctus, molestie nunc.",هناك حقيقة مثبتة منذ زمن طويل وهي أن المحتوى المقروء لصفحة ما سيلهي القارئ عن التركيز على الشكل الخارجي للنص أو شكل توضع الفقرات في الصفحة التي يقرأها.
Alex,الاسكندرية
Tokyo,طوكيو
 New York,نيويورك
Cairo,القاهرة
Dubai,دبي
Please enter both your email and message so that we 				can get back to you. Thanks!,الرجاء إدخال بريدك الإلكتروني ورسالتك حتى نتمكن من الرد عليك. شكر!
Close,أغلق
Message,رسالة
Confirm,تأكيد
Please enter your message.,أدرج رسالتك من فضلك.
Please enter your email address.,الرجاء إدخال عنوان البريد الإلكتروني الخاص بك.
Please enter your email address.,الرجاء إدخال عنوان البريد الإلكتروني الخاص بك.
Your Message...,رسالتك...
Your E-mail,بريدك الالكتروني
"Lorem ipsum dolor sit amet, consectetur adipiscing elit. Nulla volutpat ex finibus urna tincidunt, auctor ullamcorper risus luctus.",هناك حقيقة مثبتة منذ زمن طويل وهي أن المحتوى المقروء لصفحة ما سيلهي القارئ عن التركيز على الشكل الخارجي للنص أو شكل توضع الفقرات في الصفحة التي يقرأها.
Send a Message,ارسل رسالة
Let Us Help You,دعنا نساعدك
Get to Know Us,تعرف علينا
Do IT Yourself ,أفعلها بنفسك
Huge Sale,تنزيلات مذهله
Contact Us Today!,اتصل بنا اليوم
We Can Help,بامكاننا المساعده
Shop now,تسوق الان
Up to 50 %,حتي 50 بالميه
Read More,للمزيد
Get your books in Order and Accessories,"احصل على كتبك 
"
Sign in,دخول
Juvenile Fiction,روايات
Anthologies,مختارات
Graphic Novels and Comics,الروايات المصورة والكوميكس
Buildings,مباني
Architecture,هندسه معماريه
International Architecture,العماره الدوليه
Color Theory,كتب تلوين
Interior Design,تصاميم معمارية
Fashion,الموضة
Film & Video,أفلام و فيديوهات
Transportation,وسائل النقل
Comics,كاريكاتير
Clocks & Watches,الساعات
Antiques & Collectibles,التحف والمقتنيات
We Can Help You,نحن نقدم لك
Anthologies,مقتطفات
Why Choose Us?,لماذا نحن؟
New Arrival,ورد حديثاً
"SEND US AN EMAIL
",راسلنا عبر الايميل
Publication,منشورات
About Us,أعرف عنا 
All Books,جميع الكتب
Authors,مؤلفين
Process,عمليات
Books,كتب
